"part_id","hh_id","part_age","part_gender"
1,"HH1",1,"F"
2,"HH2",8,"M"
3,"HH3",12,"F"
4,"HH4",2,"F"
5,"HH5",28,"F"
6,"HH6",16,"M"
7,"HH7",40,"F"
8,"HH8",2,"M"
9,"HH9",52,"F"
10,"HH10",43,"F"
11,"HH11",2,"M"
12,"HH12",8,"M"
13,"HH13",48,"M"
14,"HH14",67,"F"
15,"HH15",15,"M"
16,"HH16",42,"M"
17,"HH17",32,"F"
18,"HH17",0,""
19,"HH18",4,"M"
20,"HH19",0,""
21,"HH20",18,"F"
22,"HH21",40,"F"
23,"HH22",7,"F"
24,"HH23",2,"M"
25,"HH24",66,"M"
26,"HH24",3,"F"
27,"HH25",9,"F"
28,"HH26",63,"F"
29,"HH27",5,"F"
30,"HH28",10,"M"
31,"HH29",35,"M"
32,"HH30",2,"M"
33,"HH31",59,"M"
34,"HH31",0,"F"
35,"HH32",35,"M"
36,"HH33",2,""
37,"HH34",4,""
38,"HH35",2,""
39,"HH36",2,"F"
40,"HH37",25,"M"
41,"HH38",4,"M"
42,"HH39",52,"F"
43,"HH40",64,"M"
44,"HH41",35,"M"
45,"HH42",2,"M"
46,"HH43",19,"M"
47,"HH44",36,"M"
48,"HH45",35,"M"
49,"HH46",46,"M"
50,"HH47",37,"M"
51,"HH48",3,"F"
52,"HH49",22,"F"
53,"HH50",39,"M"
54,"HH51",5,"M"
55,"HH52",6,"F"
56,"HH53",32,"M"
57,"HH54",32,"F"
58,"HH55",35,"M"
59,"HH55",11,"F"
60,"HH56",8,"M"
61,"HH57",0,"M"
62,"HH57",19,""
63,"HH58",34,"M"
64,"HH59",15,"F"
65,"HH60",49,"M"
66,"HH61",30,"M"
67,"HH62",21,"M"
68,"HH62",4,"M"
69,"HH63",34,"M"
70,"HH64",31,"M"
71,"HH65",54,"F"
72,"HH66",20,""
73,"HH67",18,"M"
74,"HH68",30,"F"
75,"HH69",12,"F"
76,"HH70",56,""
77,"HH71",26,"M"
78,"HH72",11,"F"
79,"HH72",0,"F"
80,"HH73",0,"M"
81,"HH74",19,"F"
82,"HH75",56,"F"
83,"HH76",0,"M"
84,"HH77",43,"M"
85,"HH78",17,"M"
86,"HH79",0,"F"
87,"HH80",14,"M"
88,"HH81",4,"F"
89,"HH82",37,"M"
90,"HH83",24,"M"
91,"HH84",15,"M"
92,"HH85",0,"M"
93,"HH86",22,"F"
94,"HH87",10,"M"
95,"HH88",12,"F"
96,"HH89",12,"M"
97,"HH90",18,"F"
98,"HH91",3,"M"
99,"HH92",9,"F"
100,"HH93",28,"M"
101,"HH94",35,"M"
102,"HH95",20,"M"
103,"HH96",23,"M"
104,"HH96",6,"F"
105,"HH97",10,"M"
106,"HH98",49,"M"
107,"HH99",1,"M"
108,"HH100",33,"F"
109,"HH101",13,"M"
110,"HH102",9,"M"
111,"HH103",2,""
112,"HH104",36,"M"
113,"HH105",5,"F"
114,"HH106",18,"M"
115,"HH107",2,"F"
116,"HH108",2,"F"
117,"HH109",1,"F"
118,"HH110",21,""
119,"HH111",15,"M"
120,"HH112",1,"M"
121,"HH113",0,"M"
122,"HH114",53,"F"
123,"HH115",4,"F"
124,"HH115",0,"M"
125,"HH116",23,"M"
126,"HH117",13,""
127,"HH118",36,"M"
128,"HH119",29,"M"
129,"HH119",29,"M"
130,"HH120",4,"F"
131,"HH121",5,"M"
132,"HH121",2,""
133,"HH122",13,"F"
134,"HH123",44,"M"
135,"HH124",5,"F"
136,"HH125",5,"M"
137,"HH126",5,"M"
138,"HH126",20,"M"
139,"HH127",14,"F"
140,"HH128",4,"F"
141,"HH128",0,"M"
142,"HH129",2,"F"
143,"HH130",30,"M"
144,"HH131",1,"M"
145,"HH132",48,"M"
146,"HH133",43,"M"
147,"HH134",35,"M"
148,"HH135",29,"F"
149,"HH136",67,"M"
150,"HH137",43,"F"
151,"HH138",0,"F"
152,"HH138",0,"F"
153,"HH139",5,"M"
154,"HH140",2,"F"
155,"HH141",5,"F"
156,"HH141",0,"F"
157,"HH142",33,"M"
158,"HH143",39,"M"
159,"HH144",33,"F"
160,"HH145",25,"M"
161,"HH145",65,""
162,"HH146",10,"M"
163,"HH146",24,"M"
164,"HH147",26,"M"
165,"HH148",9,"F"
166,"HH148",0,"M"
167,"HH149",33,"F"
168,"HH150",8,"F"
169,"HH151",5,"M"
170,"HH152",0,""
171,"HH153",5,"F"
172,"HH154",1,"F"
173,"HH155",3,"F"
174,"HH155",0,"M"
175,"HH156",9,"F"
176,"HH156",0,""
177,"HH157",25,"M"
178,"HH158",48,"M"
179,"HH158",3,"M"
180,"HH159",0,"M"
181,"HH160",35,"F"
182,"HH161",2,"M"
183,"HH162",19,"F"
184,"HH163",1,"F"
185,"HH164",6,"M"
186,"HH165",0,"M"
187,"HH166",33,"M"
188,"HH167",27,"F"
189,"HH168",1,"M"
190,"HH168",1,""
191,"HH169",29,"M"
192,"HH169",2,"M"
193,"HH170",14,"F"
194,"HH171",25,"F"
195,"HH172",5,"M"
196,"HH173",48,"M"
197,"HH174",2,""
198,"HH175",1,"M"
199,"HH176",2,"F"
200,"HH177",15,"M"
201,"HH178",29,"M"
202,"HH179",26,"F"
203,"HH180",2,""
204,"HH180",0,""
205,"HH181",14,"F"
206,"HH182",18,"M"
207,"HH183",22,"M"
208,"HH183",0,"F"
209,"HH184",1,""
210,"HH185",32,"M"
211,"HH186",31,"M"
212,"HH187",11,"M"
213,"HH188",51,"M"
214,"HH189",11,"F"
215,"HH190",14,"F"
216,"HH191",39,"M"
217,"HH192",70,"F"
218,"HH193",57,"M"
219,"HH194",31,"M"
220,"HH195",3,"F"
221,"HH196",28,"M"
222,"HH196",0,"M"
223,"HH197",31,"M"
224,"HH197",0,"M"
225,"HH198",5,"F"
226,"HH199",1,"F"
227,"HH200",2,"F"
228,"HH201",18,"F"
229,"HH202",20,"F"
230,"HH203",47,"M"
231,"HH204",1,"F"
232,"HH205",5,"M"
233,"HH206",14,"F"
234,"HH207",13,"M"
235,"HH208",15,"M"
236,"HH209",15,"M"
237,"HH210",37,"F"
238,"HH210",25,"M"
239,"HH211",8,""
240,"HH211",5,""
241,"HH212",26,"M"
242,"HH213",15,"M"
243,"HH213",0,"F"
244,"HH214",1,""
245,"HH215",0,"F"
246,"HH216",47,"M"
247,"HH217",1,"F"
248,"HH218",4,"M"
249,"HH219",1,"M"
250,"HH220",5,"F"
251,"HH221",0,"M"
252,"HH222",18,"M"
253,"HH222",8,"M"
254,"HH223",3,"F"
255,"HH224",60,"M"
256,"HH225",53,"M"
257,"HH226",40,"M"
258,"HH226",10,"F"
259,"HH227",3,"M"
260,"HH228",16,"M"
261,"HH229",49,"F"
262,"HH230",7,""
263,"HH231",33,"M"
264,"HH232",18,"F"
265,"HH233",18,"F"
266,"HH234",28,""
267,"HH235",7,"M"
268,"HH236",16,""
269,"HH237",37,"F"
270,"HH238",17,"M"
271,"HH239",46,"M"
272,"HH240",3,"F"
273,"HH241",16,"M"
274,"HH242",15,"M"
275,"HH243",52,"F"
276,"HH244",44,"F"
277,"HH245",35,"M"
278,"HH246",4,"M"
279,"HH247",14,""
280,"HH248",14,"M"
281,"HH249",18,"F"
282,"HH250",8,"M"
283,"HH251",7,"F"
284,"HH252",72,"F"
285,"HH253",37,"M"
286,"HH254",18,"F"
287,"HH255",14,"F"
288,"HH256",7,"M"
289,"HH257",22,"F"
290,"HH258",8,"M"
291,"HH259",82,""
292,"HH260",39,"M"
293,"HH261",2,"M"
294,"HH262",5,"M"
295,"HH263",7,"F"
296,"HH264",1,"M"
297,"HH265",18,"M"
298,"HH266",18,""
299,"HH267",2,"M"
300,"HH268",6,"M"
301,"HH269",6,""
302,"HH270",13,"F"
303,"HH271",4,"F"
304,"HH272",6,"M"
305,"HH273",29,"M"
306,"HH274",9,"F"
307,"HH275",2,"F"
308,"HH276",31,"M"
309,"HH277",10,""
310,"HH277",0,""
311,"HH278",89,"F"
312,"HH279",1,"M"
313,"HH280",17,"F"
314,"HH281",35,"M"
315,"HH282",13,"F"
316,"HH283",78,"M"
317,"HH284",63,"M"
318,"HH285",1,"F"
319,"HH286",34,"M"
320,"HH287",14,"M"
321,"HH288",2,"F"
322,"HH289",22,"M"
323,"HH290",17,"F"
324,"HH291",17,"F"
325,"HH292",46,"F"
326,"HH293",31,"M"
327,"HH294",4,"F"
328,"HH294",0,"M"
329,"HH295",68,"F"
330,"HH296",41,"M"
331,"HH296",0,"F"
332,"HH297",11,"M"
333,"HH298",13,"M"
334,"HH299",9,"M"
335,"HH300",4,"F"
336,"HH301",12,"M"
337,"HH302",10,"F"
338,"HH303",60,"F"
339,"HH304",2,"M"
340,"HH305",5,"M"
341,"HH306",0,""
342,"HH306",2,""
343,"HH307",6,"M"
344,"HH308",21,"M"
345,"HH309",64,"F"
346,"HH310",14,"M"
347,"HH311",2,"M"
348,"HH312",5,"F"
349,"HH313",7,"M"
350,"HH314",17,"M"
351,"HH315",11,"F"
352,"HH316",0,"M"
353,"HH316",13,"M"
354,"HH317",4,"F"
355,"HH318",34,"M"
356,"HH319",18,"F"
357,"HH320",41,"F"
358,"HH321",17,"M"
359,"HH321",19,"M"
360,"HH322",14,"M"
361,"HH323",1,"F"
362,"HH324",9,"M"
363,"HH325",14,"F"
364,"HH326",47,"M"
365,"HH327",16,"F"
366,"HH328",18,"F"
367,"HH329",12,"F"
368,"HH330",6,"F"
369,"HH331",11,"M"
370,"HH332",15,"M"
371,"HH333",6,"F"
372,"HH334",16,"F"
373,"HH335",35,"M"
374,"HH335",0,"M"
375,"HH336",8,"M"
376,"HH337",32,"M"
377,"HH338",33,"M"
378,"HH339",20,"F"
379,"HH340",14,"M"
380,"HH341",0,"F"
381,"HH342",22,"M"
382,"HH342",0,""
383,"HH343",30,"M"
384,"HH344",17,"F"
385,"HH344",17,"F"
386,"HH345",22,"M"
387,"HH346",48,"M"
388,"HH347",37,"F"
389,"HH348",7,"M"
390,"HH349",19,"M"
391,"HH350",69,"M"
392,"HH351",16,"F"
393,"HH352",5,""
394,"HH353",33,"M"
395,"HH354",6,"F"
396,"HH355",44,"M"
397,"HH356",13,"F"
398,"HH357",8,""
399,"HH358",29,"F"
400,"HH359",21,"M"
401,"HH360",16,"F"
402,"HH361",9,"M"
403,"HH362",32,"M"
404,"HH363",26,"M"
405,"HH364",1,""
406,"HH365",49,"M"
407,"HH366",24,"F"
408,"HH366",0,"F"
409,"HH367",48,"M"
410,"HH368",8,"M"
411,"HH369",30,"F"
412,"HH369",5,"M"
413,"HH370",15,"F"
414,"HH371",55,"M"
415,"HH372",26,""
416,"HH373",43,"M"
417,"HH374",6,"M"
418,"HH375",7,"F"
419,"HH376",12,"F"
420,"HH377",17,"F"
421,"HH378",33,"F"
422,"HH379",2,"F"
423,"HH380",27,"M"
424,"HH380",0,"M"
425,"HH381",28,"M"
426,"HH382",36,"M"
427,"HH383",19,""
428,"HH384",48,"M"
429,"HH385",3,"M"
430,"HH386",1,""
431,"HH387",60,"M"
432,"HH387",20,"F"
433,"HH388",1,"M"
434,"HH389",33,"F"
435,"HH390",49,"M"
436,"HH391",37,"M"
437,"HH392",20,"F"
438,"HH393",24,"M"
439,"HH394",51,"F"
440,"HH395",65,"M"
441,"HH396",81,"M"
442,"HH397",66,"F"
443,"HH398",2,""
444,"HH399",23,"M"
445,"HH400",1,"M"
446,"HH401",5,""
447,"HH402",6,"F"
448,"HH403",32,"F"
449,"HH404",7,"F"
450,"HH405",45,"M"
451,"HH406",20,"M"
452,"HH407",61,"M"
453,"HH408",6,"M"
454,"HH409",18,"F"
455,"HH410",2,"M"
456,"HH411",7,""
457,"HH412",55,"M"
458,"HH413",31,"M"
459,"HH414",6,"M"
460,"HH415",28,"M"
461,"HH416",6,"M"
462,"HH417",12,"M"
463,"HH418",6,"F"
464,"HH419",9,"M"
465,"HH420",7,"M"
466,"HH421",38,"M"
467,"HH422",31,"M"
468,"HH422",0,""
469,"HH423",36,"M"
470,"HH424",4,"F"
471,"HH425",17,"M"
472,"HH426",69,"M"
473,"HH427",5,"M"
474,"HH428",2,""
475,"HH429",63,"M"
476,"HH430",4,"M"
477,"HH430",0,"F"
478,"HH431",17,"M"
479,"HH432",15,"F"
480,"HH433",13,"M"
481,"HH434",NA,""
482,"HH435",14,"M"
483,"HH436",2,"M"
484,"HH437",45,"F"
485,"HH438",1,"F"
486,"HH439",71,"F"
487,"HH440",11,"M"
488,"HH441",49,"M"
489,"HH442",22,"F"
490,"HH443",4,"M"
491,"HH444",12,"F"
492,"HH445",13,"F"
493,"HH446",1,"M"
494,"HH447",1,"F"
495,"HH448",5,""
496,"HH449",2,"M"
497,"HH450",0,"M"
498,"HH451",29,"F"
499,"HH452",32,"F"
500,"HH453",3,""
501,"HH454",38,"M"
502,"HH455",1,"M"
503,"HH456",4,"M"
504,"HH457",53,"M"
505,"HH458",20,"F"
506,"HH459",47,"M"
507,"HH460",54,"M"
508,"HH461",20,"M"
509,"HH462",50,"M"
510,"HH463",3,"M"
511,"HH464",0,"F"
512,"HH465",15,"F"
513,"HH466",4,"M"
514,"HH466",0,"M"
515,"HH467",8,"M"
516,"HH468",5,"M"
517,"HH469",33,"F"
518,"HH469",19,"F"
519,"HH470",8,"M"
520,"HH471",29,"M"
521,"HH472",1,"M"
522,"HH473",0,"M"
523,"HH474",42,"M"
524,"HH475",30,"M"
525,"HH476",49,"M"
526,"HH477",33,"M"
527,"HH478",16,"M"
528,"HH478",0,"M"
529,"HH479",32,""
530,"HH480",40,"M"
531,"HH481",3,""
532,"HH481",0,""
533,"HH482",26,"F"
534,"HH483",38,"M"
535,"HH484",23,"M"
536,"HH485",22,""
537,"HH486",21,"M"
538,"HH487",42,"F"
539,"HH488",4,"M"
540,"HH488",0,"M"
541,"HH489",2,"F"
542,"HH490",4,"M"
543,"HH491",11,"F"
544,"HH492",63,"M"
545,"HH493",8,"F"
546,"HH494",60,"F"
547,"HH495",20,"F"
548,"HH496",43,"M"
549,"HH497",6,"M"
550,"HH498",15,"M"
551,"HH499",24,"F"
552,"HH500",38,"M"
553,"HH501",15,"F"
554,"HH502",9,"F"
555,"HH503",58,"M"
556,"HH504",9,"M"
557,"HH505",2,"F"
558,"HH506",24,"M"
559,"HH506",0,"M"
560,"HH507",30,"M"
561,"HH508",27,"F"
562,"HH509",30,"F"
563,"HH510",33,"F"
564,"HH511",6,"F"
565,"HH512",10,"M"
566,"HH513",2,"F"
567,"HH514",18,"M"
568,"HH515",4,"F"
569,"HH516",32,"F"
570,"HH517",14,"F"
571,"HH518",21,"M"
572,"HH518",0,"M"
573,"HH519",10,"M"
574,"HH520",57,"M"
575,"HH521",11,"M"
576,"HH522",39,"M"
577,"HH523",19,"F"
578,"HH524",3,"F"
579,"HH525",8,"F"
580,"HH526",3,"F"
581,"HH527",16,"F"
582,"HH528",16,"F"
583,"HH529",21,"M"
584,"HH529",0,"F"
585,"HH530",3,"F"
586,"HH531",16,"F"
587,"HH532",10,"M"
588,"HH533",18,"F"
589,"HH534",28,""
590,"HH535",7,"M"
591,"HH536",9,"F"
592,"HH537",5,"M"
593,"HH538",8,"M"
594,"HH539",8,"M"
595,"HH540",24,"F"
596,"HH541",46,"M"
597,"HH542",61,"M"
598,"HH543",40,"M"
599,"HH544",13,"F"
600,"HH545",56,"F"
601,"HH546",12,"F"
602,"HH547",46,"M"
603,"HH548",33,"F"
604,"HH549",16,"M"
605,"HH550",16,"M"
606,"HH551",44,"M"
607,"HH552",14,"F"
608,"HH553",20,"F"
609,"HH554",10,"F"
610,"HH555",7,"F"
611,"HH556",31,"M"
612,"HH557",74,"F"
613,"HH558",4,"F"
614,"HH559",26,"M"
615,"HH560",63,"M"
616,"HH561",6,"M"
617,"HH562",20,"F"
618,"HH563",1,"F"
619,"HH564",11,"F"
620,"HH565",19,""
621,"HH566",9,"M"
622,"HH567",28,"F"
623,"HH568",6,"F"
624,"HH569",10,"F"
625,"HH570",4,"M"
626,"HH571",31,"M"
627,"HH572",3,""
628,"HH573",8,"M"
629,"HH573",0,"F"
630,"HH574",60,"M"
631,"HH575",35,"M"
632,"HH576",0,"M"
633,"HH577",43,"F"
634,"HH578",13,"F"
635,"HH579",66,"M"
636,"HH580",7,"F"
637,"HH581",9,""
638,"HH582",15,"F"
639,"HH583",18,"F"
640,"HH584",42,"M"
641,"HH585",14,"F"
642,"HH586",18,"F"
643,"HH587",37,"M"
644,"HH588",37,"M"
645,"HH589",57,"M"
646,"HH590",22,"F"
647,"HH591",14,"M"
648,"HH592",10,"M"
649,"HH593",16,"F"
650,"HH594",15,"M"
651,"HH595",8,"M"
652,"HH596",9,"F"
653,"HH597",56,"M"
654,"HH598",61,"M"
655,"HH599",36,"M"
656,"HH600",38,"M"
657,"HH601",19,"F"
658,"HH602",19,"M"
659,"HH603",45,"F"
660,"HH604",3,"F"
661,"HH605",10,"M"
662,"HH606",4,"F"
663,"HH607",13,"M"
664,"HH608",2,"F"
665,"HH609",1,"M"
666,"HH610",1,""
667,"HH611",5,"M"
668,"HH612",11,"M"
669,"HH613",23,"M"
670,"HH613",0,"F"
671,"HH614",3,"M"
672,"HH615",10,"M"
673,"HH616",23,"F"
674,"HH617",10,"F"
675,"HH618",4,"F"
676,"HH619",18,"F"
677,"HH620",58,"M"
678,"HH621",46,"M"
679,"HH622",2,"M"
680,"HH623",20,"F"
681,"HH624",12,"F"
682,"HH625",7,"M"
683,"HH626",33,"M"
684,"HH627",39,"M"
685,"HH628",10,"M"
686,"HH629",64,""
687,"HH630",54,"M"
688,"HH631",18,"M"
689,"HH631",0,"F"
690,"HH632",1,""
691,"HH633",57,"M"
692,"HH634",6,"M"
693,"HH635",61,"F"
694,"HH636",54,"F"
695,"HH637",15,"F"
696,"HH638",1,"M"
697,"HH639",37,"M"
698,"HH640",0,"F"
699,"HH641",29,"F"
700,"HH642",8,"F"
701,"HH643",50,"M"
702,"HH643",18,"F"
703,"HH644",1,"F"
704,"HH645",36,"F"
705,"HH646",17,"M"
706,"HH647",29,"M"
707,"HH647",0,""
708,"HH648",46,"M"
709,"HH648",0,"M"
710,"HH649",31,"F"
711,"HH650",50,"M"
712,"HH651",2,"M"
713,"HH652",2,"M"
714,"HH653",9,"M"
715,"HH654",50,"F"
716,"HH655",1,"F"
717,"HH656",7,"M"
718,"HH657",10,"F"
719,"HH658",10,"M"
720,"HH659",0,"F"
721,"HH660",0,""
722,"HH661",0,""
723,"HH662",18,"M"
724,"HH662",0,""
725,"HH663",13,"M"
726,"HH664",71,""
727,"HH665",14,"F"
728,"HH666",17,"F"
729,"HH667",68,"F"
730,"HH668",5,"M"
731,"HH669",15,"M"
732,"HH670",18,"M"
733,"HH671",60,"M"
734,"HH672",1,"M"
735,"HH673",63,"M"
736,"HH674",39,"M"
737,"HH675",18,"F"
738,"HH676",41,"F"
739,"HH677",31,"M"
740,"HH678",1,"M"
741,"HH679",46,"M"
742,"HH680",44,"M"
743,"HH681",12,"M"
744,"HH682",9,"M"
745,"HH683",16,"F"
746,"HH684",12,"F"
747,"HH685",15,"F"
748,"HH686",63,"M"
749,"HH687",17,"F"
750,"HH688",57,"M"
751,"HH689",13,"M"
752,"HH690",57,"M"
753,"HH691",13,""
754,"HH691",11,"M"
755,"HH692",37,"M"
756,"HH693",6,"M"
757,"HH694",4,"M"
758,"HH695",17,"F"
759,"HH696",76,"M"
760,"HH697",10,"M"
761,"HH698",55,"M"
762,"HH699",76,"M"
763,"HH700",30,"M"
764,"HH701",45,"M"
765,"HH702",35,"F"
766,"HH703",11,"M"
767,"HH704",1,"F"
768,"HH705",9,"F"
769,"HH706",3,"M"
770,"HH707",9,"M"
771,"HH708",3,"M"
772,"HH709",38,"F"
773,"HH710",11,"M"
774,"HH711",29,"F"
775,"HH711",23,"M"
776,"HH711",10,""
777,"HH712",39,"M"
778,"HH713",10,"F"
779,"HH714",23,"M"
780,"HH715",48,"F"
781,"HH715",0,""
782,"HH716",15,"M"
783,"HH717",9,"M"
784,"HH718",2,"M"
785,"HH719",20,"F"
786,"HH720",2,"F"
787,"HH720",0,"F"
788,"HH721",55,"M"
789,"HH722",13,"F"
790,"HH723",7,"M"
791,"HH724",13,"M"
792,"HH725",3,"F"
793,"HH726",38,"M"
794,"HH727",20,"M"
795,"HH728",7,"M"
796,"HH729",22,"M"
797,"HH729",0,"F"
798,"HH730",8,"M"
799,"HH731",30,"M"
800,"HH732",5,"M"
801,"HH732",17,""
802,"HH733",1,"F"
803,"HH734",1,"M"
804,"HH735",12,"F"
805,"HH736",1,"M"
806,"HH737",2,"M"
807,"HH738",8,"F"
808,"HH739",35,"F"
809,"HH739",0,"F"
810,"HH739",19,"F"
811,"HH740",31,"M"
812,"HH741",22,"F"
813,"HH742",16,"F"
814,"HH743",13,"F"
815,"HH744",20,"M"
816,"HH744",0,"F"
817,"HH745",4,""
818,"HH746",41,"M"
819,"HH747",56,"F"
820,"HH748",17,"F"
821,"HH749",3,"F"
822,"HH750",9,""
823,"HH751",35,"M"
824,"HH752",7,"F"
825,"HH752",0,"F"
826,"HH753",49,"M"
827,"HH754",39,"F"
828,"HH755",4,"M"
829,"HH756",17,""
830,"HH757",5,"F"
831,"HH758",0,"M"
832,"HH759",7,"M"
833,"HH759",0,"F"
834,"HH760",5,"M"
835,"HH760",0,"F"
836,"HH761",4,"F"
837,"HH762",18,"F"
838,"HH763",3,"M"
839,"HH764",11,"F"
840,"HH765",20,"F"
841,"HH766",4,"F"
842,"HH767",5,"F"
843,"HH768",21,"F"
844,"HH769",7,"M"
845,"HH770",6,"F"
846,"HH771",20,"M"
847,"HH771",0,""
848,"HH772",24,"M"
849,"HH773",16,"M"
850,"HH773",0,"M"
851,"HH774",47,"M"
852,"HH775",57,"M"
853,"HH776",13,"F"
854,"HH777",12,"M"
855,"HH778",11,"F"
856,"HH779",35,"M"
857,"HH780",6,"F"
858,"HH781",16,"F"
859,"HH782",41,"F"
860,"HH783",22,"F"
861,"HH784",17,"M"
862,"HH785",2,"M"
863,"HH786",5,"M"
864,"HH787",41,"M"
865,"HH788",2,"F"
866,"HH789",40,"M"
867,"HH790",18,"F"
868,"HH791",2,"F"
869,"HH792",7,"F"
870,"HH793",33,"F"
871,"HH793",0,"M"
872,"HH794",5,""
873,"HH795",80,"M"
874,"HH796",19,"F"
875,"HH797",0,"M"
876,"HH798",24,"M"
877,"HH799",1,"M"
878,"HH800",0,"M"
879,"HH801",1,""
880,"HH802",63,"M"
881,"HH803",9,"F"
882,"HH804",19,"M"
883,"HH804",0,"M"
884,"HH805",14,"F"
885,"HH806",30,"M"
886,"HH807",13,"F"
887,"HH808",0,""
888,"HH809",16,"M"
889,"HH810",40,"M"
890,"HH811",1,"M"
891,"HH812",13,"F"
892,"HH813",9,"F"
893,"HH814",9,"M"
894,"HH815",52,"M"
895,"HH816",34,"M"
896,"HH816",0,"F"
897,"HH817",14,"F"
898,"HH818",29,"M"
899,"HH819",3,""
900,"HH820",12,"M"
901,"HH821",52,"M"
902,"HH822",12,"M"
903,"HH823",15,"F"
904,"HH824",13,"M"
905,"HH825",12,""
906,"HH826",73,"M"
907,"HH827",21,"F"
908,"HH828",17,"M"
909,"HH829",2,"M"
910,"HH830",9,"F"
911,"HH831",8,"F"
912,"HH832",8,"F"
913,"HH833",45,"M"
914,"HH834",83,"M"
915,"HH835",30,"M"
916,"HH836",4,"M"
917,"HH836",0,""
918,"HH837",11,"F"
919,"HH838",3,"M"
920,"HH839",50,"M"
921,"HH840",2,"F"
922,"HH841",9,"M"
923,"HH842",3,""
924,"HH843",18,"F"
925,"HH844",14,"M"
926,"HH845",25,"F"
927,"HH846",3,"F"
928,"HH847",2,""
929,"HH848",8,"F"
930,"HH849",8,"F"
931,"HH850",11,"M"
932,"HH851",17,"M"
933,"HH852",12,"M"
934,"HH853",24,""
935,"HH853",0,""
936,"HH854",6,"M"
937,"HH855",13,"F"
938,"HH856",32,"M"
939,"HH857",38,"M"
940,"HH858",15,"F"
941,"HH859",4,"M"
942,"HH860",10,"M"
943,"HH861",20,"F"
944,"HH862",13,"F"
945,"HH863",19,"M"
946,"HH864",1,"F"
947,"HH865",54,"M"
948,"HH866",2,"F"
949,"HH867",6,"F"
950,"HH868",7,"F"
951,"HH868",0,"F"
952,"HH869",38,"M"
953,"HH870",51,"M"
954,"HH870",29,"M"
955,"HH871",5,"M"
956,"HH872",1,""
957,"HH873",9,"M"
958,"HH874",23,"M"
959,"HH875",4,"F"
960,"HH876",11,"F"
961,"HH877",10,"F"
962,"HH878",20,"F"
963,"HH879",6,"F"
964,"HH880",5,"M"
965,"HH881",9,"F"
966,"HH882",14,"M"
967,"HH883",1,"M"
968,"HH884",4,"M"
969,"HH885",10,""
970,"HH885",5,"F"
971,"HH886",2,"F"
972,"HH886",38,"M"
973,"HH887",13,"F"
974,"HH888",40,"M"
975,"HH888",0,"M"
976,"HH889",13,"M"
977,"HH890",14,"M"
978,"HH891",24,"F"
979,"HH892",1,"F"
980,"HH893",11,"M"
981,"HH894",15,"M"
982,"HH895",1,"F"
983,"HH896",10,"M"
984,"HH897",52,"M"
985,"HH898",3,""
986,"HH899",9,"M"
987,"HH900",4,"M"
988,"HH901",15,"M"
989,"HH902",13,"F"
990,"HH903",49,"M"
991,"HH904",6,""
992,"HH905",8,"M"
993,"HH906",68,"M"
994,"HH907",42,"F"
995,"HH908",10,"M"
996,"HH909",2,"M"
997,"HH910",48,"F"
998,"HH911",22,"M"
999,"HH912",8,"F"
1000,"HH913",59,"M"
1001,"HH914",6,"M"
1002,"HH915",16,"M"
1003,"HH916",18,"M"
1004,"HH917",28,"M"
1005,"HH918",8,"M"
1006,"HH918",0,""
1007,"HH919",51,"M"
1008,"HH920",35,"F"
1009,"HH921",30,""
1010,"HH922",16,"M"
1011,"HH923",7,"F"
1012,"HH924",7,"F"
1013,"HH925",7,""
1014,"HH925",0,""
1015,"HH926",5,"M"
1016,"HH927",14,""
1017,"HH928",45,"M"
1018,"HH929",7,"F"
1019,"HH930",6,"M"
1020,"HH931",14,"M"
1021,"HH932",25,"M"
1022,"HH932",0,"F"
1023,"HH933",15,"M"
1024,"HH934",10,"F"
1025,"HH935",6,"M"
1026,"HH936",11,"F"
1027,"HH937",2,"F"
1028,"HH938",2,"M"
1029,"HH939",19,"M"
1030,"HH940",40,"M"
1031,"HH941",13,"F"
1032,"HH941",0,""
1033,"HH942",10,""
1034,"HH943",8,"F"
1035,"HH944",56,"M"
1036,"HH945",5,"F"
1037,"HH946",0,""
1038,"HH947",0,""
1039,"HH948",44,"M"
1040,"HH948",15,"F"
1041,"HH949",2,"M"
1042,"HH950",40,"M"
1043,"HH951",21,"M"
1044,"HH952",2,""
1045,"HH953",5,"M"
1046,"HH954",53,"M"
1047,"HH955",8,"F"
1048,"HH956",31,"M"
1049,"HH957",8,""
1050,"HH957",8,"M"
1051,"HH957",0,"F"
1052,"HH958",45,"F"
1053,"HH959",39,"F"
1054,"HH960",13,"F"
1055,"HH961",0,"F"
1056,"HH962",8,"M"
1057,"HH963",1,""
1058,"HH964",16,"F"
1059,"HH965",2,"F"
1060,"HH966",16,"F"
1061,"HH967",17,"F"
1062,"HH968",48,"F"
1063,"HH969",64,"M"
1064,"HH970",5,""
1065,"HH971",1,""
1066,"HH972",4,"M"
1067,"HH973",4,"M"
1068,"HH974",28,"M"
1069,"HH975",13,"M"
1070,"HH976",1,"F"
1071,"HH977",17,"M"
1072,"HH978",7,"F"
1073,"HH979",59,"F"
1074,"HH980",37,"F"
1075,"HH981",1,"F"
1076,"HH982",2,""
1077,"HH983",11,"F"
1078,"HH983",3,""
1079,"HH984",17,"M"
1080,"HH985",3,"F"
1081,"HH986",18,"F"
1082,"HH987",14,"M"
1083,"HH988",16,""
1084,"HH989",74,"M"
1085,"HH990",3,"M"
1086,"HH991",5,"M"
1087,"HH992",10,"F"
1088,"HH993",72,"F"
1089,"HH994",45,"M"
1090,"HH995",24,""
1091,"HH996",15,"M"
1092,"HH997",53,"M"
1093,"HH998",7,"M"
1094,"HH999",13,"F"
1095,"HH1000",0,"F"
1096,"HH1001",9,"F"
1097,"HH1002",6,"F"
1098,"HH1003",16,"F"
1099,"HH1004",2,"F"
1100,"HH1005",17,"F"
1101,"HH1006",2,"M"
1102,"HH1007",25,"F"
1103,"HH1007",42,"F"
1104,"HH1008",28,"M"
1105,"HH1009",62,"F"
1106,"HH1010",17,"M"
1107,"HH1011",64,"M"
1108,"HH1012",5,"F"
1109,"HH1013",7,"M"
1110,"HH1014",28,"F"
1111,"HH1015",12,"F"
1112,"HH1016",14,"F"
1113,"HH1017",17,"F"
1114,"HH1018",11,"F"
1115,"HH1019",8,"M"
1116,"HH1020",45,"M"
1117,"HH1021",76,"M"
1118,"HH1022",67,"M"
1119,"HH1023",43,"F"
1120,"HH1024",31,"F"
1121,"HH1025",18,"F"
1122,"HH1026",10,"F"
1123,"HH1027",3,"M"
1124,"HH1028",15,"F"
1125,"HH1029",3,"M"
1126,"HH1030",1,"M"
1127,"HH1031",2,"M"
1128,"HH1032",15,"F"
1129,"HH1033",30,"F"
1130,"HH1034",10,"F"
1131,"HH1035",23,"M"
1132,"HH1035",0,"M"
1133,"HH1036",14,"M"
1134,"HH1037",10,"F"
1135,"HH1038",48,"M"
1136,"HH1039",8,"F"
1137,"HH1040",42,"M"
1138,"HH1041",15,"M"
1139,"HH1042",23,"M"
1140,"HH1043",78,"F"
1141,"HH1044",35,"M"
1142,"HH1045",31,"M"
1143,"HH1046",23,"M"
1144,"HH1046",0,"M"
1145,"HH1047",40,"M"
1146,"HH1048",24,"F"
1147,"HH1049",23,"F"
1148,"HH1050",24,"M"
1149,"HH1051",11,"F"
1150,"HH1052",7,"F"
1151,"HH1053",1,"M"
1152,"HH1054",48,"M"
1153,"HH1055",13,"F"
1154,"HH1056",3,"M"
1155,"HH1057",80,""
1156,"HH1058",7,"F"
1157,"HH1059",67,"M"
1158,"HH1060",18,"M"
1159,"HH1061",15,"M"
1160,"HH1062",47,"M"
1161,"HH1063",0,"F"
1162,"HH1064",69,"M"
1163,"HH1065",5,"M"
1164,"HH1066",11,"F"
1165,"HH1067",2,""
1166,"HH1068",2,"M"
1167,"HH1069",0,""
1168,"HH1070",41,"M"
1169,"HH1071",6,"F"
1170,"HH1072",17,"F"
1171,"HH1073",1,""
1172,"HH1074",26,"F"
1173,"HH1075",31,"M"
1174,"HH1075",0,""
1175,"HH1076",2,"F"
1176,"HH1077",31,"M"
1177,"HH1078",6,"F"
1178,"HH1079",6,"M"
1179,"HH1080",3,"F"
1180,"HH1081",37,"M"
1181,"HH1081",0,""
1182,"HH1082",5,"F"
1183,"HH1082",0,"M"
1184,"HH1083",14,"M"
1185,"HH1084",1,""
1186,"HH1085",16,"F"
1187,"HH1086",1,""
1188,"HH1087",28,"M"
1189,"HH1087",0,"M"
1190,"HH1088",21,"F"
1191,"HH1089",10,"F"
1192,"HH1090",3,"F"
1193,"HH1091",37,"M"
1194,"HH1092",10,"F"
1195,"HH1093",8,"M"
1196,"HH1094",12,"F"
1197,"HH1095",29,"M"
1198,"HH1096",28,""
1199,"HH1097",5,"F"
1200,"HH1098",4,""
1201,"HH1099",23,"M"
1202,"HH1100",13,"M"
1203,"HH1101",7,""
1204,"HH1102",18,"F"
1205,"HH1103",16,"M"
1206,"HH1104",13,"M"
1207,"HH1105",8,"F"
1208,"HH1106",12,"M"
1209,"HH1107",4,"F"
1210,"HH1108",25,""
1211,"HH1109",12,"F"
1212,"HH1110",3,"M"
1213,"HH1111",17,"M"
1214,"HH1112",6,"M"
1215,"HH1113",15,"M"
1216,"HH1114",10,"F"
1217,"HH1115",16,"F"
1218,"HH1116",13,"F"
1219,"HH1117",9,"M"
1220,"HH1118",20,"F"
1221,"HH1119",54,"M"
1222,"HH1120",20,"F"
1223,"HH1121",9,"F"
1224,"HH1122",14,"F"
1225,"HH1123",4,""
1226,"HH1124",2,"M"
1227,"HH1125",68,"M"
1228,"HH1126",0,""
1229,"HH1127",0,""
1230,"HH1128",0,"F"
1231,"HH1129",35,"M"
1232,"HH1130",8,"M"
1233,"HH1131",3,"F"
1234,"HH1132",26,"M"
1235,"HH1133",22,"F"
1236,"HH1134",29,"M"
1237,"HH1135",26,"M"
1238,"HH1136",5,""
1239,"HH1137",14,"F"
1240,"HH1138",5,""
1241,"HH1139",12,"M"
1242,"HH1140",4,""
1243,"HH1141",9,"F"
1244,"HH1142",36,"M"
1245,"HH1143",7,"F"
